Hugo_Symbol	Amino_Acid_Change	Tumor_Sample_Barcode	t_alt_count	t_ref_count
SRSF2	P95H	preTreatment	50	50
SRSF2	P95H	C4D1	68	32
SRSF2	P95H	C7D1	62	38
RUNX1	R174*	preTreatment	49	51
RUNX1	R174*	C4D1	49	51
RUNX1	R174*	C7D1	49	51
ASXL1	Q760*	preTreatment	44	66
ASXL1	Q760*	C4D1	48	52
ASXL1	Q760*	C7D1	49	51
ZUNX1	K83*	preTreatment	38	62
ZUNX1	K83*	C4D1	22	78
ZUNX1	K83*	C7D1	7	93
IDH2	R140Q	preTreatment	37	63
IDH2	R140Q	C4D1	16	84
IDH2	R140Q	C7D1	7	93
SETBP1	D868N	preTreatment	10	90
SETBP1	D868N	C4D1	24	76
SETBP1	D868N	C7D1	32	68