Hugo_Symbol	Entrez_Gene_Id	Center	NCBI_Build	Chromosome	Start_Position	End_Position	Strand	Variant_Classification	Variant_Type	Reference_Allele	Tumor_Seq_Allele1	Tumor_Seq_Allele2	Tumor_Sample_Barcode	Matched_Norm_Sample_Barcode	Validaton_Status	Mutation_Status	Sequence_Source	Score	Sequencer
GeneA	2	Google	hg19	1	100	101	+	Missense_Mutation	SNP	A	C	G	sample-A01	sample-A10	Unknown	Somatic	WGS	0.5	IlluminaHiSeq
GeneA	2	Google	hg19	1	100	101	+	Missense_Mutation	SNP	A	C	G	sample-B01	sample-A10	Unknown	Somatic	WGS	0.68	IlluminaHiSeq
GeneA	2	Google	hg19	1	100	101	+	Missense_Mutation	SNP	A	C	G	sample-C01	sample-A10	Unknown	Somatic	WGS	0.62	IlluminaHiSeq
GeneB	20	Google	hg19	1	1000	1001	+	Missense_Mutation	SNP	G	T	A	sample-A01	sample-A10	Unknown	Somatic	WGS	0.49	IlluminaHiSeq
GeneB	20	Google	hg19	1	1000	1001	+	Missense_Mutation	SNP	G	T	A	sample-B01	sample-B10	Unknown	Somatic	WGS	0.482	IlluminaHiSeq
GeneB	20	Google	hg19	1	1000	1001	+	Missense_Mutation	SNP	G	T	A	sample-C01	sample-C10	Unknown	Somatic	WGS	0.49	IlluminaHiSeq
GeneC	300	Google	hg19	1	1000	1001	+	Missense_Mutation	SNP	G	T	A	sample-A01	sample-A10	Unknown	Somatic	WGS	0.44	IlluminaHiSeq
GeneC	300	Google	hg19	1	1000	1001	+	Missense_Mutation	SNP	G	T	A	sample-B01	sample-B10	Unknown	Somatic	WGS	0.48	IlluminaHiSeq
GeneC	300	Google	hg19	1	1000	1001	+	Missense_Mutation	SNP	G	T	A	sample-C01	sample-C10	Unknown	Somatic	WGS	0.49	IlluminaHiSeq
GeneD	400	Google	hg19	1	1000	1001	+	Missense_Mutation	SNP	G	T	A	sample-A01	sample-A10	Unknown	Somatic	WGS	0.38	IlluminaHiSeq
GeneD	400	Google	hg19	1	1000	1001	+	Missense_Mutation	SNP	G	T	A	sample-B01	sample-B10	Unknown	Somatic	WGS	0.22	IlluminaHiSeq
GeneD	400	Google	hg19	1	1000	1001	+	Missense_Mutation	SNP	G	T	A	sample-C01	sample-C10	Unknown	Somatic	WGS	0.07	IlluminaHiSeq
GeneE	1000	Google	hg19	1	1000	1001	+	Missense_Mutation	SNP	G	T	A	sample-A01	sample-A10	Unknown	Somatic	WGS	0.37	IlluminaHiSeq
GeneE	1000	Google	hg19	1	1000	1001	+	Missense_Mutation	SNP	G	T	A	sample-B01	sample-B10	Unknown	Somatic	WGS	0.16	IlluminaHiSeq
GeneE	1000	Google	hg19	1	1000	1001	+	Missense_Mutation	SNP	G	T	A	sample-C01	sample-C10	Unknown	Somatic	WGS	0.07	IlluminaHiSeq
GeneF	1000	Google	hg19	1	1000	1001	+	Missense_Mutation	SNP	G	T	A	sample-A01	sample-A10	Unknown	Somatic	WGS	0.1	IlluminaHiSeq
GeneF	1000	Google	hg19	1	1000	1001	+	Missense_Mutation	SNP	G	T	A	sample-B01	sample-B10	Unknown	Somatic	WGS	0.24	IlluminaHiSeq
GeneF	1000	Google	hg19	1	1000	1001	+	Missense_Mutation	SNP	G	T	A	sample-C01	sample-C10	Unknown	Somatic	WGS	0.32	IlluminaHiSeq